Day,Dept,Section,Time,Teacher,Course,Room
Sun,CSE,CSE 4A,8:30-9:20,ZT,EEE 280,"EEE Lab
ALT"
Sun,CSE,CSE 4A,9:25-10:15,ZT,EEE 280,"EEE Lab
ALT"
Sun,CSE,CSE 4A,10:20-11:10,ZT,EEE 280,"EEE Lab
ALT"
Sun,CSE,CSE 4A,11:40-12:30,ABA,CSE-213,302
Sun,CSE,CSE 4A,12:35-1:25,ABA,CSE-213,302
Sun,CSE,CSE 4A,1:40-2:30,SNH,CSE 219,302
Sun,CSE,CSE 3A,8:30-9:20,NR,EEE 270,"EEE Lab
ALT"
Sun,CSE,CSE 3A,9:25-10:15,NR,EEE 270,"EEE Lab
ALT"
Sun,CSE,CSE 3A,10:20-11:10,NR,EEE 270,"EEE Lab
ALT"
Sun,CSE,CSE 3A,11:40-12:30,BCG,EEE 269,303
Sun,CSE,CSE 3A,12:35-1:25,SNH,CSE 205,303
Sun,CSE,CSE 3A,1:40-2:30,ABA,CSE 217,303
Sun,CSE,CSE 2A,8:30-9:20,SMA,"LANG
102",404
Sun,CSE,CSE 2A,9:25-10:15,SMA,LANG 102,402
Sun,CSE,CSE 2A,10:20-11:10,SMA,"LANG
102",402
Sun,CSE,CSE 2A,11:40-12:30,MMHK,CSE 105,402
Sun,CSE,CSE 2A,12:35-1:25,MMHK,CSE 105,402
Sun,CSE,CSE 2A,1:40-2:30,AR,CSE-103,402
Sun,CSE,"CSE 1A
(Even)",8:30-9:20,SNH,CSE 101,303
Sun,CSE,"CSE 1A
(Even)",9:25-10:15,MWU,MATH 101,303
Sun,CSE,"CSE 1A
(Even)",11:40-12:30,ZT,EEE 164,"EEE Lab
ALT"
Sun,CSE,"CSE 1A
(Even)",12:35-1:25,ZT,EEE 164,"EEE Lab
ALT"
Sun,CSE,"CSE 1A
(Even)",1:40-2:30,ZT,EEE 164,"EEE Lab
ALT"
Sun,CSE,"CSE 1A
(Odd)",11:40-12:30,NR,EEE 164,"EEE Lab
ALT"
Sun,CSE,"CSE 1A
(Odd)",12:35-1:25,NR,EEE 164,"EEE Lab
ALT"
Sun,CSE,"CSE 1A
(Odd)",1:40-2:30,NR,EEE 164,"EEE Lab
ALT"
Sun,EEE,EEE 3A,8:30-9:20,MAR,GEE-201,403
Sun,EEE,EEE 3A,10:20-11:10,PM,ME-283,403
Sun,EEE,EEE 3A,11:40-12:30,AH,ME-284,Thermo lab
Sun,EEE,EEE 3A,12:35-1:25,AH,ME-284,Thermo lab
Sun,EEE,EEE 3A,1:40-2:30,AH,ME-284,Thermo lab
Sun,EEE,EEE 2A,8:30-9:20,SMA,"LANG-
102",404
Sun,EEE,EEE 2A,9:25-10:15,SMA,LANG-102,402
Sun,EEE,EEE 2A,10:20-11:10,SMA,"LANG-
102",402
Sun,EEE,EEE 2A,11:40-12:30,MMBS,CSE-110,CSE lab 2
Sun,EEE,EEE 2A,12:35-1:25,MMBS,CSE-110,CSE lab 2
Sun,EEE,EEE 2A,1:40-2:30,MMBS,CSE-110,CSE lab 2
Sun,EEE,EEE 1A,8:30-9:20,MWU,"MATH-
101",402
Sun,EEE,EEE 1A,9:25-10:15,SSI,Phy-101,404
Sun,EEE,EEE 1A,10:20-11:10,TH,Chem-101,404
Sun,EEE,EEE 1A,11:40-12:30,SSI,PHY-102,Phy LAB
Sun,EEE,EEE 1A,12:35-1:25,SSI,PHY-102,Phy LAB
Sun,EEE,EEE 1A,1:40-2:30,SSI,PHY-102,Phy LAB
Sun,CE,CE 3A,8:30-9:20,NRK,CE 203,301
Sun,CE,CE 3A,9:25-10:15,PK,"MATH
201",401
Sun,CE,CE 3A,10:20-11:10,HR,GEE 201,306
Sun,CE,CE 3A,11:40-12:30,MSH,CE 211,301
Sun,CE,CE 3A,12:35-1:25,RHS,CE 261,301
Sun,CE,CE 2A,9:25-10:15,TH,"CHEM
105",306
Sun,CE,CE 2A,11:40-12:30,PK,"MATH
103",304
Sun,CE,CE 2A,12:35-1:25,PK,MATH 103,304
Sun,CE,CE 2A,1:40-2:30,TH,CHEM 105,301
Sun,CE,CE 1A,8:30-9:20,MWU,"MATH
101",402
Sun,CE,CE 1A,10:20-11:10,SSI,PHY 101,304
Sun,CE,CE 1A,11:40-12:30,PM,ME-132,"WORKSHO
P"
Sun,CE,CE 1A,12:35-1:25,PM,ME-132,"WORKSHO
P"
Sun,CE,CE 1A,1:40-2:30,PM,ME-132,"WORKSHO
P"
Sun,ME,ME 3A,8:30-9:20,MH/PM,ME 247,401
Sun,ME,ME 3A,9:25-10:15,PK,"MATH
201",401
Sun,ME,ME 3A,10:20-11:10,KAH,ME 205,401
Sun,ME,ME 3A,11:40-12:30,MMBS,CSE-276,CSE Lab 1
Sun,ME,ME 3A,12:35-1:25,MMBS,CSE-276,CSE Lab 1
Sun,ME,ME 3A,1:40-2:30,MMBS,CSE-276,CSE Lab 1
Sun,ME,ME 2A,8:30-9:20,AH,ME 194,Meta Lab
Sun,ME,ME 2A,9:25-10:15,AH,ME 194,Meta Lab
Sun,ME,ME 2A,10:20-11:10,AH,ME 194,Meta Lab
Sun,ME,ME 2A,11:40-12:30,PK,"MATH
103",304
Sun,ME,ME 2A,12:35-1:25,PK,MATH 103,304
Sun,ME,ME 2A,1:40-2:30,AUK,EEE 173,304
Sun,ME,ME-1A,8:30-9:20,MWU,"MATH
101",402
Sun,ME,ME-1A,9:25-10:15,MH/UP,ME103,304
Sun,ME,ME-1A,10:20-11:10,SSI,PHY101,304
Sun,ME,ME-1A,11:40-12:30,PM+UK,ME-162,WORKSHOP
Sun,ME,ME-1A,12:35-1:25,PM+UK,ME-162,WORKSHOP
Sun,ME,ME-1A,1:40-2:30,PM+UK,ME-162,WORKSHOP
Sun,ENG,ENG 1A,8:30-9:20,DMO,ENG 1107,CSE L2
Sun,ENG,ENG 1A,9:25-10:15,DMO,ENG 1107,CSE L2
Sun,ENG,ENG 1A,10:20-11:10,DMO,ENG 1107,CSE L2
Sun,ENG,ENG 1A,11:40-12:30,DMO,ENG 1101,403
Sun,ENG,ENG 1A,12:35-1:25,SSI,GED 1105,403
Sun,DBA,DBA 1A,8:30-9:20,JA,BBA- 1101,R-304
Sun,DBA,DBA 1A,9:25-10:15,SHG,BBA-1104,R-304
Sun,DBA,DBA 1A,10:20-11:10,SHG,BBA- 1103,R-304
Sun,DBA,DBA 1A,11:40-12:30,MWU,BBA-1102,R-404
Mon,CSE,CSE 4A,8:30-9:20,SNH,CSE 219,"CSE Lab
2"
Mon,CSE,CSE 4A,9:25-10:15,MRR,CSE-215,CSE Lab 2
Mon,CSE,CSE 4A,10:20-11:10,MRR,CSE-215,CSE Lab 2
Mon,CSE,CSE 4A,11:40-12:30,PK,"MATH
207",302
Mon,CSE,CSE 4A,12:35-1:25,PK,MATH 207,302
Mon,CSE,CSE 4A,1:40-2:30,ZT,EEE 279,302
Mon,CSE,CSE 3A,8:30-9:20,ABA,CSE 217,303
Mon,CSE,CSE 3A,9:25-10:15,SNH,CSE 205,303
Mon,CSE,CSE 3A,10:20-11:10,MMHK,CSE-203,303
Mon,CSE,CSE 3A,11:40-12:30,BCG,EEE 269,303
Mon,CSE,CSE 3A,12:35-1:25,NR,EEE 269,303
Mon,CSE,CSE 3A,1:40-2:30,PK,MATH 205,303
Mon,CSE,CSE 2A,8:30-9:20,PK,"MATH
105",402
Mon,CSE,CSE 2A,9:25-10:15,AR,CSE-103,402
Mon,CSE,CSE 2A,10:20-11:10,AR,CSE-103,404
Mon,CSE,CSE 2A,11:40-12:30,MMHK,CSE-106,CSE Lab 2
Mon,CSE,CSE 2A,12:35-1:25,MMHK,CSE-106,CSE Lab 2
Mon,CSE,CSE 2A,1:40-2:30,MMHK,CSE-106,CSE Lab 2
Mon,CSE,"CSE 1A
(Even)",8:30-9:20,ZT,EEE 163,302
Mon,CSE,"CSE 1A
(Even)",9:25-10:15,MWU,MATH 101,302
Mon,CSE,"CSE 1A
(Even)",10:20-11:10,MA,CHEM 101,302
Mon,CSE,"CSE 1A
(Even)",11:40-12:30,MM,Phy 102,Phy Lab
Mon,CSE,"CSE 1A
(Even)",12:35-1:25,MM,Phy 102,Phy Lab
Mon,CSE,"CSE 1A
(Even)",1:40-2:30,MM,Phy 102,Phy Lab
Mon,CSE,"CSE 1A
(Odd)",11:40-12:30,MA,"CHEM
102",CHEM Lab
Mon,CSE,"CSE 1A
(Odd)",12:35-1:25,MA,CHEM 102,Chem Lab
Mon,CSE,"CSE 1A
(Odd)",1:40-2:30,MA,CHEM 102,Chem Lab
Mon,EEE,EEE 3A,8:30-9:20,JAA,EEE-202,EEE Lab
Mon,EEE,EEE 3A,9:25-10:15,JAA,EEE-202,EEE Lab
Mon,EEE,EEE 3A,10:20-11:10,JAA,EEE-202,EEE Lab
Mon,EEE,EEE 3A,11:40-12:30,JAA,EEE-201,403
Mon,EEE,EEE 3A,12:35-1:25,BCG,EEE-203,403
Mon,EEE,EEE 3A,1:40-2:30,PK,MATH-205,303
Mon,EEE,EEE 2A,8:30-9:20,PK,"MATH-
105",402
Mon,EEE,EEE 2A,9:25-10:15,MM,PHy-103,403
Mon,EEE,EEE 2A,10:20-11:10,MMBS,CSE-109,401
Mon,EEE,EEE 2A,11:40-12:30,SMA,GES-101,402
Mon,EEE,EEE 1A,8:30-9:20,SSI,Phy-101,404
Mon,EEE,EEE 1A,11:40-12:30,TH,Chem-101,404
Mon,EEE,EEE 1A,1:40-2:30,MWU,MATH-101,402
Mon,CE,CE 3A,8:30-9:20,NRK,CE 262,301
Mon,CE,CE 3A,9:25-10:15,NRK,CE 262,301
Mon,CE,CE 3A,10:20-11:10,NRK,CE 262,301
Mon,CE,CE 3A,11:40-12:30,HR,GEE  201,306
Mon,CE,CE 3A,12:35-1:25,MSH,CE 211,301
Mon,CE,CE 2A,8:30-9:20,MSH,CE 102,"CSE
Lab 1"
Mon,CE,CE 2A,9:25-10:15,MSH,CE 102,"CSE  Lab
1"
Mon,CE,CE 2A,10:20-11:10,MSH,CE 102,"CSE  Lab
1"
Mon,CE,CE 2A,11:40-12:30,SSI,GES  101,402
Mon,CE,CE 2A,12:35-1:25,RHS,CE 103,306
Mon,CE,CE 1A,8:30-9:20,TH,"CHEM
102","CHEM
LAB"
Mon,CE,CE 1A,9:25-10:15,TH,"CHEM
102","CHEM
LAB"
Mon,CE,CE 1A,10:20-11:10,TH,"CHEM
102","CHEM
LAB"
Mon,CE,CE 1A,11:40-12:30,MSH,CE 101,301
Mon,CE,CE 1A,12:35-1:25,TH,"CHEM
101",401
Mon,CE,CE 1A,1:40-2:30,MWU,"MATH
101",402
Mon,ME,ME 3A,9:25-10:15,KAH,ME 205,401
Mon,ME,ME 3A,10:20-11:10,MMBS,CSE 275,401
Mon,ME,ME 3A,11:40-12:30,SMA,GES 307,402
Mon,ME,ME 3A,1:40-2:30,MH/PM,ME 247,401
Mon,ME,ME 2A,8:30-9:20,TH,"CHEM
102","CHEM
LAB"
Mon,ME,ME 2A,9:25-10:15,TH,"CHEM
102","CHEM
LAB"
Mon,ME,ME 2A,10:20-11:10,TH,"CHEM
102","CHEM
LAB"
Mon,ME,ME 2A,11:40-12:30,PM/AH,ME 193,401
Mon,ME,ME 2A,12:35-1:25,TH,CHEM 101,401
Mon,ME,ME 1A,8:30-9:20,PM+MH,ME 104,"THERMO
LAB"
Mon,ME,ME 1A,9:25-10:15,PM+MH,ME 104,"THERMO
LAB"
Mon,ME,ME 1A,10:20-11:10,PM+MH,ME 104,"THERMO
LAB"
Mon,ME,ME 1A,11:40-12:30,MHKB+MH,ME 161,304
Mon,ME,ME 1A,12:35-1:25,MHKB+MH,ME 161,304
Mon,ME,ME 1A,1:40-2:30,MWU,MATH 101,402
Mon,ENG,ENG 1A,9:25-10:15,SSI,ENG 1104,304
Mon,ENG,ENG 1A,10:20-11:10,SSI,ENG 1104,304
Mon,ENG,ENG 1A,11:40-12:30,MMBS,CSE 1106,CSE L1
Mon,ENG,ENG 1A,12:35-1:25,MMBS,CSE 1106,CSE L1
Mon,ENG,ENG 1A,1:40-2:30,MMBS,CSE 1106,CSE L1
Mon,DBA,DBA 1A,8:30-9:20,SHG,BBA-1104,R-306
Mon,DBA,DBA 1A,9:25-10:15,SMA,HUM-1111,R-306
Mon,DBA,DBA 1A,10:20-11:10,SMA,HUM- 1105,R-306
Mon,DBA,DBA 1A,11:40-12:30,Activities,Activities,Activities
Mon,DBA,DBA 1A,12:35-1:25,MWU,BBA-1102,R-402
Tue,CSE,CSE 4A,8:30-9:20,"MHKB/
MAR","GELM
275",302
Tue,CSE,CSE 4A,9:25-10:15,SNH,CSE 219,302
Tue,CSE,CSE 4A,10:20-11:10,ABA,CSE-213,302
Tue,CSE,CSE 4A,11:40-12:30,MSH,CE 250,CSE Lab 1
Tue,CSE,CSE 4A,12:35-1:25,MSH,CE 250,CSE Lab 1
Tue,CSE,CSE 4A,1:40-2:30,MSH,CE 250,CSE Lab 1
Tue,CSE,CSE 3A,8:30-9:20,SNH,CSE 205,303
Tue,CSE,CSE 3A,10:20-11:10,PK,"MATH
205",EEE's room
Tue,CSE,CSE 3A,11:40-12:30,MMHK,CSE-204,CSE Lab 2
Tue,CSE,CSE 3A,12:35-1:25,MMHK,CSE-204,CSE Lab 2
Tue,CSE,CSE 3A,1:40-2:30,MMHK,CSE-204,CSE Lab 2
Tue,CSE,CSE 2A,9:25-10:15,PK,"MATH
105",402
Tue,CSE,CSE 2A,10:20-11:10,MMHK,CSE 105,404
Tue,CSE,CSE 2A,11:40-12:30,AR,CSE-104,EEE Lab
Tue,CSE,CSE 2A,12:35-1:25,AR,CSE-104,EEE Lab
Tue,CSE,CSE 2A,1:40-2:30,AR,CSE-104,EEE Lab
Tue,CSE,"CSE 1A
(Even)",8:30-9:20,"MATH
101",MWU,402
Tue,CSE,"CSE 1A
(Even)",9:25-10:15,ZT,EEE 163,303
Tue,CSE,"CSE 1A
(Even)",10:20-11:10,SMA,"GEBS
101",303
Tue,CSE,"CSE 1A
(Even)",11:40-12:30,MM,PHY 101,303
Tue,CSE,"CSE 1A
(Even)",12:35-1:25,SNH,CSE 101,303
Tue,CSE,"CSE 1A
(Even)",1:40-2:30,MA,CHEM 101,303
Tue,EEE,EEE 3A,8:30-9:20,AH,ME-283,403
Tue,EEE,EEE 3A,9:25-10:15,JAA,EEE-201,403
Tue,EEE,EEE 3A,10:20-11:10,PK,"MATH-
205",403
Tue,EEE,EEE 3A,11:40-12:30,BCG,EEE-203,403
Tue,EEE,EEE 3A,12:35-1:25,JAA,EEE-201,403
Tue,EEE,EEE 2A,8:30-9:20,MMBS,CSE-109,401
Tue,EEE,EEE 2A,9:25-10:15,PK,"MATH-
105",402
Tue,EEE,EEE 2A,11:40-12:30,SMA,GES-101,402
Tue,EEE,EEE 2A,12:35-1:25,MM,PHy-103,302
Tue,EEE,EEE 1A,8:30-9:20,JAA,EEE-101,404
Tue,EEE,EEE 1A,9:25-10:15,TH,Chem-101,404
Tue,EEE,EEE 1A,10:20-11:10,MWU,"MATH-
101",402
Tue,EEE,EEE 1A,11:40-12:30,JAA,EEE-101,404
Tue,CE,CE3A,9:25-10:15,MSH,CE 211,301
Tue,CE,CE3A,10:20-11:10,NRK,CE 203,306
Tue,CE,CE3A,11:40-12:30,RHS,CE 261,301
Tue,CE,CE3A,12:35-1:25,PK,MATH 201,401
Tue,CE,CE3A,1:40-2:30,PK,MATH 201,401
Tue,CE,CE 2A,8:30-9:20,NR,EEE 165,304
Tue,CE,CE 2A,10:20-11:10,RHS,CE 103,301
Tue,CE,CE 2A,11:40-12:30,SSI,GES-101,402
Tue,CE,CE 2A,12:35-1:25,NR,EEE 165,402
Tue,CE,CE 1A,8:30-9:20,MSH,CE 101,301
Tue,CE,CE 1A,9:25-10:15,SS,PHY 101,304
Tue,CE,CE 1A,10:20-11:10,MWU,"MATH
101",402
Tue,CE,CE 1A,11:40-12:30,TH,"CHEM
101",304
Tue,ME,ME3A,8:30-9:20,MMBS,CSE 275,401
Tue,ME,ME3A,9:25-10:15,MH/PM,ME 247,401
Tue,ME,ME3A,11:40-12:30,SMA,GES 307,402
Tue,ME,ME3A,12:35-1:25,PK,MATH 201,401
Tue,ME,ME3A,1:40-2:30,PK,MATH 201,401
Tue,ME,ME 2A,8:30-9:20,AUK,EEE 174,EEE lab
Tue,ME,ME 2A,9:25-10:15,AUK,EEE 174,EEE lab
Tue,ME,ME 2A,10:20-11:10,AUK,EEE 174,EEE lab
Tue,ME,ME 2A,11:40-12:30,TH,"CHEM
101",304
Tue,ME,ME 2A,12:35-1:25,AUK,EEE 173,304
Tue,ME,ME 2A,1:40-2:30,AH/PM,ME 193,304
Tue,ME,ME 1A,8:30-9:20,MR,EEE 159,304
Tue,ME,ME 1A,9:25-10:15,SS,"PHY
101",304
Tue,ME,ME 1A,10:20-11:10,MWU,"MATH10
1",402
Tue,ME,ME 1A,12:35-1:25,MR,EEE 159,402
Tue,ENG,ENG 1A,8:30-9:20,DMO,ENG 1102,CSE L2
Tue,ENG,ENG 1A,9:25-10:15,DMO,ENG 1102,CSE L2
Tue,ENG,ENG 1A,10:20-11:10,DMO,ENG 1102,CSE L2
Tue,ENG,ENG 1A,11:40-12:30,DMO,ENG 1101,305
Tue,ENG,ENG 1A,12:35-1:25,SSI,GED 1105,306
Tue,DBA,DBA 1A,8:30-9:20,SMA,HUM- 1111,306
Tue,DBA,DBA 1A,9:25-10:15,SMA,HUM-1105,306
Tue,DBA,DBA 1A,10:20-11:10,JA,BBA-1101,401
Tue,DBA,DBA 1A,11:40-12:30,MWU,BBA-1102,R-302
Wed,CSE,CSE 4A,9:25-10:15,PK,"MATH
207",302
Wed,CSE,CSE 4A,10:20-11:10,MRR,CSE-215,302
Wed,CSE,CSE 4A,11:40-12:30,MRR,CSE-216,CSE Lab 2
Wed,CSE,CSE 4A,12:35-1:25,MRR,CSE-216,CSE Lab 2
Wed,CSE,CSE 4A,1:40-2:30,MRR,CSE-216,CSE Lab 2
Wed,CSE,CSE 3A,8:30-9:20,SNH,CSE 206,"CSE Lab
2"
Wed,CSE,CSE 3A,9:25-10:15,SNH,CSE 206,CSE Lab 2
Wed,CSE,CSE 3A,10:20-11:10,SNH,CSE 206,CSE Lab 2
Wed,CSE,CSE 3A,11:40-12:30,SSI,LANG 202,303
Wed,CSE,CSE 3A,12:35-1:25,SSI,LANG 202,303
Wed,CSE,CSE 3A,1:40-2:30,SSI,LANG 202,303
Wed,CSE,CSE 2A,8:30-9:20,PK,"MATH
105",402
Wed,CSE,CSE 2A,9:25-10:15,NR,EEE 169,404
Wed,CSE,CSE 2A,10:20-11:10,NR,EEE 169,403
Wed,CSE,CSE 2A,11:40-12:30,UK,ME 122,CSE Lab 1
Wed,CSE,CSE 2A,12:35-1:25,UK,ME 122,CSE Lab 1
Wed,CSE,CSE 2A,1:40-2:30,UK,ME 122,CSE Lab 1
Wed,CSE,"CSE 1A
(Even)",8:30-9:20,MA,"CHEM
102",
Wed,CSE,"CSE 1A
(Even)",9:25-10:15,MA,"CHEM
102",Chem Lab
Wed,CSE,"CSE 1A
(Even)",10:20-11:10,MA,"CHEM
102",Chem Lab
Wed,CSE,"CSE 1A
(Even)",11:40-12:30,SMA,GEBS 101,302
Wed,CSE,"CSE 1A
(Even)",12:35-1:25,SNH,CSE 101,302
Wed,CSE,"CSE 1A
(Even)",1:40-2:30,MA,CHEM 101,302
Wed,CSE,"CSE 1A
(Odd)",8:30-9:20,MM,PHY 102,
Wed,CSE,"CSE 1A
(Odd)",9:25-10:15,MM,Phy 102,Phy Lab
Wed,CSE,"CSE 1A
(Odd)",10:20-11:10,MM,Phy 102,Phy Lab
Wed,EEE,EEE 3A,8:30-9:20,ZT,EEE-212,CSE lab 1
Wed,EEE,EEE 3A,9:25-10:15,ZT,EEE-212,CSE lab 1
Wed,EEE,EEE 3A,10:20-11:10,ZT,EEE-212,CSE lab 1
Wed,EEE,EEE 3A,11:40-12:30,SSI,LANG-202,303
Wed,EEE,EEE 3A,12:35-1:25,SSI,LANG-202,303
Wed,EEE,EEE 3A,1:40-2:30,SSI,LANG-202,303
Wed,EEE,EEE 2A,8:30-9:20,PK,"MATH-
105",402
Wed,EEE,EEE 2A,9:25-10:15,MMBS,CSE-109,403
Wed,EEE,EEE 2A,11:40-12:30,AUK,EEE-105,403
Wed,EEE,EEE 2A,12:35-1:25,MM,PHy-103,403
Wed,EEE,EEE 1A,8:30-9:20,JAA,EEE-101,404
Wed,EEE,EEE 1A,9:25-10:15,SMA,GEBS-101,402
Wed,EEE,EEE 1A,10:20-11:10,SMA,"GEBS-
101",402
Wed,EEE,EEE 1A,11:40-12:30,JAA,EEE-102,EEE Lab
Wed,EEE,EEE 1A,12:35-1:25,JAA,EEE-102,EEE Lab
Wed,EEE,EEE 1A,1:40-2:30,JAA,EEE-102,EEE Lab
Wed,CE,CE 3A,8:30-9:20,MSH,CE 200,306
Wed,CE,CE 3A,9:25-10:15,MSH,CE 200,306
Wed,CE,CE 3A,10:20-11:10,MSH,CE 200,306
Wed,CE,CE 3A,11:40-12:30,SSI,LANG 202,303
Wed,CE,CE 3A,12:35-1:25,SSI,LANG 202,303
Wed,CE,CE 3A,1:40-2:30,SSI,LANG 202,303
Wed,CE,CE2A,9:25-10:15,TH,"CHEM
105",301
Wed,CE,CE2A,10:20-11:10,RHS,CE 103,301
Wed,CE,CE2A,11:40-12:30,PK,"MATH
103",304
Wed,CE,CE2A,12:35-1:25,NR,EEE 165,402
Wed,CE,CE 1A,8:30-9:20,TH,"CHEM
101",401
Wed,CE,CE 1A,9:25-10:15,SMA,GEBS-101,402
Wed,CE,CE 1A,10:20-11:10,SMA,"GEBS-
101",402
Wed,CE,CE 1A,11:40-12:30,RHS,CE 100,301
Wed,CE,CE 1A,12:35-1:25,RHS,CE 100,301
Wed,CE,CE 1A,1:40-2:30,RHS,CE 100,301
Wed,ME,ME  3A,9:25-10:15,MMBS,CSE 275,403
Wed,ME,ME  3A,10:20-11:10,KAH,ME 205,401
Wed,ME,ME  3A,11:40-12:30,SSI,"LANG
202",402
Wed,ME,ME  3A,12:35-1:25,SSI,"LANG
202",402
Wed,ME,ME  3A,1:40-2:30,SSI,"LANG
202",402
Wed,ME,ME2A,8:30-9:20,TH,"CHEM
101",401
Wed,ME,ME2A,9:25-10:15,SMA,GEBS 101,402
Wed,ME,ME2A,10:20-11:10,SMA,"GEBS
101",402
Wed,ME,ME2A,11:40-12:30,PK,"MATH
103",304
Wed,ME,ME2A,12:35-1:25,AUK,EEE 173,304
Wed,ME,ME 1A,8:30-9:20,MH/UP,ME 103,304
Wed,ME,ME 1A,9:25-10:15,MH/UP,ME103,304
Wed,ME,ME 1A,12:35-1:25,MR,EEE 159,402
Wed,ENG,ENG 1A,8:30-9:20,DMO,ENG 1103,305
Wed,ENG,ENG 1A,9:25-10:15,DMO,ENG 1103,305
Wed,ENG,ENG 1A,10:20-11:10,DMO,ENG 1103,305
Wed,ENG,ENG 1A,11:40-12:30,DMO,ENG 1101,305
Wed,DBA,DBA 1A,8:30-9:20,SHG,BBA-1103,303
Wed,DBA,DBA 1A,9:25-10:15,JA,BBA-1101,303
Wed,DBA,DBA 1A,10:20-11:10,SHG,BBA-1104,303
Thu,CSE,CSE 4A,8:30-9:20,SNH,CSE-220,"CSE Lab
2
ALT"
Thu,CSE,CSE 4A,9:25-10:15,SNH,CSE-220,CSE Lab 2 ALT
Thu,CSE,CSE 4A,10:20-11:10,SNH,CSE-220,CSE Lab 2 ALT
Thu,CSE,CSE 4A,11:40-12:30,MHKB/MAR,GELM 275,302
Thu,CSE,CSE 4A,12:35-1:25,ZT,EEE 279,302
Thu,CSE,CSE 4A,1:40-2:30,ZT,EEE 279,302
Thu,CSE,CSE 3A,10:20-11:10,PK,"MATH
205",303
Thu,CSE,CSE 3A,11:40-12:30,MMHK,CSE-203,303
Thu,CSE,CSE 3A,12:35-1:25,MMHK,CSE-203,303
Thu,CSE,CSE 3A,1:40-2:30,ABA,CSE 217,303
Thu,CSE,CSE 2A,8:30-9:20,NR,EEE 170,"EEE Lab
ALT"
Thu,CSE,CSE 2A,9:25-10:15,NR,EEE 170,"EEE Lab
ALT"
Thu,CSE,CSE 2A,10:20-11:10,NR,EEE 170,"EEE Lab
ALT"
Thu,CSE,CSE 2A,11:40-12:30,NR,EEE 169,402
Thu,CSE,"CSE 1A
(Even)",8:30-9:20,ZT,EEE 163,302
Thu,CSE,"CSE 1A
(Even)",9:25-10:15,MM,PHY 101,302
Thu,CSE,"CSE 1A
(Even)",10:20-11:10,MM,PHY 101,302
Thu,EEE,EEE 3A,9:25-10:15,PM/AH,ME-283,404
Thu,EEE,EEE 3A,10:20-11:10,PK,"MATH-
205",303
Thu,EEE,EEE 3A,11:40-12:30,BCG,EEE-203,403
Thu,EEE,EEE 3A,12:35-1:25,MAR,GEE-201,403
Thu,EEE,EEE 2A,9:25-10:15,AUK,EEE-105,403
Thu,EEE,EEE 2A,10:20-11:10,AUK,EEE-105,403
Thu,EEE,EEE 2A,11:40-12:30,AUK,EEE-106,EEE Lab
Thu,EEE,EEE 2A,12:35-1:25,AUK,EEE-106,EEE Lab
Thu,EEE,EEE 2A,1:40-2:30,AUK,EEE-106,EEE Lab
Thu,EEE,EEE 1A,8:30-9:20,TH,"CHEM-
102",CHE lab
Thu,EEE,EEE 1A,9:25-10:15,TH,"CHEM-
102",CHE lab
Thu,EEE,EEE 1A,10:20-11:10,TH,"CHEM-
102",CHE lab
Thu,EEE,EEE 1A,11:40-12:30,SSI,Phy-101,404
Thu,CE,CE 3A,8:30-9:20,NRK,CE 203,306
Thu,CE,CE 3A,9:25-10:15,RHS,CE 261,301
Thu,CE,CE 3A,11:40-12:30,RHS,CE 210,CSE Lab 1
Thu,CE,CE 3A,12:35-1:25,RHS,CE 210,"CSE Lab
1"
Thu,CE,CE 3A,1:40-2:30,RHS,CE 210,CSE Lab 1
Thu,CE,CE 2A,8:30-9:20,SSI,"PHY
102","PHY
LAB"
Thu,CE,CE 2A,9:25-10:15,SSI,"PHY
102","PHY
LAB"
Thu,CE,CE 2A,10:20-11:10,SSI,"PHY
102","PHY
LAB"
Thu,CE,CE 2A,11:40-12:30,SMA,"LANG
102",401
Thu,CE,CE 2A,12:35-1:25,SMA,"LANG
102",401
Thu,CE,CE 2A,1:40-2:30,SMA,LANG 102,401
Thu,CE,CE 1A,8:30-9:20,ABA,"CSE
176","CSE
Lab 1"
Thu,CE,CE 1A,9:25-10:15,ABA,CSE  176,"CSE  Lab
1"
Thu,CE,CE 1A,10:20-11:10,ABA,"CSE
176","CSE  Lab
1"
Thu,CE,CE 1A,11:40-12:30,MSH,CE 101,301
Thu,CE,CE 1A,12:35-1:25,SSI,PHY 101,304
Thu,ME,ME 3A,8:30-9:20,KAH,ME 206,"Thermo
Lab"
Thu,ME,ME 3A,9:25-10:15,KAH,ME 206,Thermo Lab
Thu,ME,ME 3A,10:20-11:10,KAH,ME 206,Thermo Lab
Thu,ME,ME 3A,11:40-12:30,MH+N1,ME 258,CSE Lab 2
Thu,ME,ME 3A,12:35-1:25,MH+AH,ME 258,CSE Lab 2
Thu,ME,ME 3A,1:40-2:30,MH+AH,ME 258,CSE Lab 2
Thu,ME,ME 2A,8:30-9:20,PM/AH,ME 193,304
Thu,ME,ME 2A,11:40-12:30,SSI,LANG 102,401
Thu,ME,ME 2A,12:35-1:25,SSI,LANG 102,401
Thu,ME,ME 2A,1:40-2:30,SSI,LANG 102,401
Thu,ME,ME1A,8:30-9:20,SSI,PHY,PHY
Thu,ME,ME1A,9:25-10:15,SSI,PHY,PHY
Thu,ME,ME1A,10:20-11:10,SSI,PHY,PHY
Thu,ME,ME1A,12:35-1:25,SSI,PHY,304
Thu,ENG,ENG 1A,9:25-10:15,SSI,GED 1105,403
Thu,ENG,ENG 1A,10:20-11:10,SSI,ENG 1104,301
Thu,DBA,DBA 1A,8:30-9:20,SMA,HUM- 1105,401
Thu,DBA,DBA 1A,9:25-10:15,SMA,HUM-1111,401
Thu,DBA,DBA 1A,10:20-11:10,SHG,BBA-1103,401
